vendorID;title;description;country;descr_type
1;Distra;;Китай;html
2;"Doc Johnson";"<p>На сегодняшний день Doc Johnson &ndash; это крупнейший производитель товаров для взрослых. Компания, основные производственные мощности которой находятся в Северном Голливуде (USA), выпускает всевозможные секс-игрушки для мужчин, женщин и семейных пар. Дилдо, страпоны, мастурбаторы, эрекционные кольца, кляпы, помпы &ndash; что бы вас ни интересовало, вы обязательно найдёте это среди ассортимента Doc Johnson.</p>  <p>Использование современных материалов, контроль качества, постоянное усовершенствование дизайна &ndash; всё это сделало компанию лидером продаж как в США, так и в России. Особенно любимыми у поклонников марки &laquo;Док Джонсон&raquo; стали трусики с насадкой Harness и вибратор iVibe Rabbit.</p>";США;html
4;"Fun Factory";"<p>Открыть закон всемирного тяготения Ньютону «помогло» упавшее на голову яблоко. Основание компании Fun Factory – следствие обычных кухонных посиделок двух приятелей – Михаэля Паля и Дирка Бауэра. Дружеская беседа о том, о сём, плавное смещение разговора в сторону ассортимента местных секс-шопов, и вот она, идея: почему бы самим не разработать стимуляторы, которые было бы не стыдно покупать?! К тому же, без всяких опасений касательно собственного здоровья из-за их использования.</p>  <p>Так в 1996 году появилась первая секс-игрушка от Fun Factory: нежно-голубой фаллоимитатор среднего размера в форме дельфина. Нестандартный дизайн, нереалистичные формы и мультифункциональность использования (для вагинальной стимуляции или анальных проникновений) сделали Dolphin хитом продаж. </p>  <p>Друзья решили не останавливаться на достигнутом и закрепить успех новыми моделями, коих на сегодняшний день насчитывается более 100. Стоит отметить, что и по прошествии всех лет Dolphin ещё продаётся, только в формате мощного водонепроницаемого вибратора с мягким плавничком для клиторального массажа.</p>  <p>Как и в 1996-м, Михаэль и Дирк придерживаются нескольких принципов при производстве своих игрушек:<br> <li>отдают предпочтение нереалистичным формам, превращая стимуляторы в настоящие произведения искусства;<br> <li>используют исключительно безопасные для здоровья человека материалы: гладкий анодированный пластик без запаха и медицинский силикон – бархатистый на ощупь и не вызывающий аллергических реакций;<br> <li>изготавливают весь ассортимент исключительно в Германии;<br> <li>уделяют особое внимание качеству и дизайну упаковки;<br> <li>предпочитают ручной труд автоматическим процессам: большая часть моделей отливается из силикона вручную, а после застывания извлекается из форм, проверяется на дефекты, обрабатывается на предмет неровных стыков.</p>  <p>Над разработкой, производством и распространением секс-игрушек Fun Factory трудятся чуть больше 120 человек, многие из которых работают в компании с самого основания. Штаб-квартира и производственные цеха «Весёлой фабрики» находятся в немецком Бремене у реки Везер и в общем занимают около 13.000 кв.м. Также в одном из зданий сотрудники основали своеобразный музей Fun Factory: на стендах и внутри стеклянных витрин представлены все когда-либо сошедшие с конвейера завода модели игрушек.</p>  <p>Поклонники бренда ценят стимуляторы Fun Factory за неизменно высокое немецкое качество. Несмотря на открытие в 2003 году представительства Fun Factory в США, все модели производятся только в Бремене. Ежедневно фабрика выпускает от 3.000 до 6.000 единиц – с обязательной надписью «Made in Germany» на упаковке.</p>  <p>Конечно же, продукция Fun Factory не смогла остаться незамеченной устроителями престижных наград:<br> <li>в 2008 году компания - первая в мире среди производителей 18+ - заслужила Reddot Design Award за дизайн вибратора Delight;<br> <li>в 2010 получила iF Product Design Award за целых три продукта: вагинальные шарики Smartballs, вибраторы Delight и Flash;<br> <li>отмечена наградой American Good Design Award-2010 за высокотехнологичный мастурбатор Cobra Libre.</p>  <p>Сегодня ассортимент Fun Factory представлен множеством наименований, среди которых товары для Неё, для Него и для пар. Помимо вибромассажёров, хай-тек пульсаторов, страпонов, фаллоимитаторов, анальных втулок и вагинальных шариков «Весёлая фабрика» выпускает интимные смазки, средства для ухода за игрушками, женские менструальные чаши, а также сумочки для хранения из гигиеничного материала тайвека.</p>";Германия;html
6;Gopaldas;"<p>Хочется приобрести качественную, безопасную для здоровья, но недорогую секс-игрушку? Решение есть, и имя ему Gopaldas (China).</p>  <p>Эта компания предлагает покупателям из России разнообразные товары для взрослых, отличающиеся высоким качеством и стильным дизайном, а именно вибромассажёры, клиторальные стимуляторы, мастурбаторы, эрекционные кольца, анальные втулки и многое другое.</p>  <p>Кроме того, «Гопалдас», основные мощности которого находятся в Китае, является производителем эротического белья из латекса. Некоторые модели представляют собой симбиоз белья и интимной игрушки, например, трусики-страпон для мужчин и трусики-страпон для женщин.</p>  <p>Они способны украсить собой и ваше тело, и сексуальную жизнь!</p>";Китай;html
7;Hustler;;Китай;html
8;Inverma;;Германия;html
10;"Milan Arzneimittel GmbH";;Германия;html
11;Penthouse;;США;html
12;Pipedream;"<p>Компания Pipedream (USA) – один из ведущих игроков рынка товаров для взрослых как в США, так и в мире.</p> <p>Этот американский производитель, известный широким ассортиментом и высоким качеством выпускаемых товаров, разработал немало успешных секс-игрушек. Многие из них, такие как безремневой страпони надувная кушетка с фаллосом, стали настоящими бестселлерами в России.</p> <p>Сегодня «Пайпдрим» - это первоклассные товары для женщин, мужчин и пар: вибраторы, мастурбаторы, дилдо, секс-куклы, БДСМ-аксессуары и многое другое.</p> <p>Среди стимуляторов по приемлемой цене каждый покупатель сможет найти для себя что-нибудь особенное. Такое, что сделает его сексуальную жизнь интереснее и ярче.</p>";США;html
14;"Swedish Erotica";;США;html
15;SoftLine;"<p> 	Бельё и игровые костюмы торговой марки Softline Collection впервые появились в продаже в 2002 году.</p> <p> 	Компании Soft Land (Poland) – крупнейшему европейскому производителю эротического белья – понадобилось всего несколько лет для того, чтобы сделать «Софтлайн Коллекшн» одной из наиболее востребованных марок на рынке Польши, стран ЕС и России.</p> <p> 	Европейское качество изделий, уникальный дизайн, широкий ассортимент (более 1000 моделей), красивая упаковка – всё это обеспечило белью Softline Collection любовь тысяч женщин.</p> <p> 	Приобретая игровой костюм доктора или кружевной комплект Softline, можно быть уверенной – он обязательно сделает вас ультра сексуальной!</p>";Польша;html
16;T.L.C.;;США;html
17;"Topco Sales";"<p>Компания Topco Sales была основана в 1972 американцем Мартином Такером. Сделав ставку на высокое качество продукции, её безопасность для здоровья человека и инновации, он добился того, что о товарах Topco Sales узнал весь мир. </p> <p>Именно Topco Sales первой выпустила такие продукты, как секс-качели, перезаряжаемые вибраторы на интегральных микросхемах и ароматизированные лубриканты. И именно эта компания совершила революцию в мире секс-игрушек, разработав ультра реалистичный материал CyberSkin. </p> <p>Topco Sales производит товары интимного назначения – более 30 собственных брендов, а также сотрудничает с такими легендами, как Hustler, Playboy и Penthouse. Все секс-игрушки отливаются и собираются на оборудовании с FDA-сертификатами. </p>";США;html
18;"Wet International Inc.";"<p>На протяжении более 25 лет компания Wet International Inc. разрабатывает и производит высококачественные, уникальные по своему составу продукты из лучших ингредиентов: массажные масла, персональные лубриканты (на водной, силиконовой и гибридной основах), стимулирующие гели, интимные смазки с охлаждающим и разогревающим эффектами, съедобные лубриканты.</p> <p>Производственные мощности компании находятся в Валенсии (штат Калифорния, США) и занимают почти 5000 кв.м. На этой площади расположены административные помещения, лаборатории, склады, маркетинговый центр. Вся продукция отвечает высочайшим стандартам качества и безопасности, выпускается на оборудовании, имеющем FDA-сертификаты.</p>";США;html
19;"Wild Fire";;США;html
20;"Wow creation";;Япония;html
23;Биоритм;"Научно-производственная компания  Лаборатория «Биоритм»  - пожалуй, единственная российская компания, специализирующаяся на разработке и производстве средств для гармонизации интимных отношений. В ее ассортименте лубриканты, крема, массажные масла, духи с феромонам и другие средства интимной косметики и гигиены.";Россия;html
24;"Ручная работа";;Россия;html
25;СМП;;Россия;html
26;Фанты;;Россия;html
27;Saxenfelt;;Дания;html
29;"California Exotic Novelties";"<p>В 1994 году на рынке товаров для взрослых в США появился новый игрок - California Exotic Novelties. Компанию возглавила Сьюзан Колвин &ndash; американка, планирующая разработать целый ряд секс-игрушек для женщин. Её планам суждено было сбыться: сегодня бренд &laquo;Калифорния Экзотик Новелтис&raquo; известен миллионам женщин в USA и за их пределами.</p>  <p>Мало того, ассортимент, изначально ориентированный исключительно на покупательниц, пополнился товарами для мужчин и семейных пар. Благодаря использованию инновационных технологий и применению безопасных материалов, производитель смог получить как американские, так и европейские сертификаты стандартов качества.</p>";США;html
30;"Shots Media BV";;Нидерланды;html
31;"Сумерки богов";"<p>Продукция компании «МиФ» впервые появилась в продаже в 2008 году. Благодаря низкой цене и яркой упаковке фаллоимитаторы и вибраторы от российского производителя сразу же вызвали интерес у покупателей. А чуть после получили заслуженное признание - из-за высокого качества материалов. </p> <p>Производственная база компании «МиФ» находится в Зеленограде. Именно там с помощью технологий, разработанных в Научно-исследовательском институте резины и латекса, выпускаются фаллоимитаторы, вибраторы, анальные стимуляторы, фаллопротезы, мастурбаторы - всего более 200 наименований! </p> <p>Изначально все секс-игрушки от ООО «МиФ» изготавливались из ПВХ – под торговой маркой «Сумерки Богов». Чуть позже, в 2010 году компания стала выпускать изделия из полимерных материалов под торговой маркой «Джага-Джага». Сегодня компания «МиФ» - крупнейший российский производитель интимных игрушек, высокое качество которых подтверждено Сертификатом Соответствия. </p>";Россия;html
32;Lelo;"<p>Интимные массажёры торговой марки LELO впервые были представлены шведской компанией LELOi AB в 2003 году. Став воплощением продвинутого дизайна и высокой функциональности, стимуляторы LELO быстро завоевали популярность у женщин, мужчин и пар. Со временем линейка интимных товаров пополнилась аксессуарами для спальни – массажными маслами и свечами, шёлковыми наручниками, масками и любовными лентами. </p> <p>На сегодняшний день под торговой маркой LELO выпускается более 100 массажёров (в том числе для тела) и аксессуаров класса люкс, каждый из которых привлекает эстетикой,  функциональностью и высоким качеством. Стоит отметить, что хиты продаж, такие как Tiani, Liv, Elise и др., постоянно совершенствуются – поклонники марки уже смогли насладиться вторыми, а то и третьими версиями этих бестселлеров. </p>";Швеция;html
33;ToyFa;"<p>Под маркой ToyFa собраны лучшие товары для взрослых от нескольких производителей Китая. Секс-игрушки, выпускаемые на этих фабриках, завоевали широкую популярность у потребителей России благодаря двум преимуществам &ndash; широкому, постоянно обновляющемуся ассортименту и вкусной цене.</p>  <p>Компания &laquo;ТойФа&raquo; доказала на деле, что надпись &laquo;Made in China&raquo; на упаковке не является синонимом низкого качества.</p>  <p>Среди вибраторов, мастурбаторов, секс-кукол, анальных пробок, клиторальных бабочек и других игрушек от ToyFa вы, будучи взыскательным покупателем, с лёгкостью выберете для себя что-нибудь особенное.</p>";Китай;html
34;Erolanta;"<p>Для многих женщин не существует проблемы выбора эротического белья, потому что они уже знакомы с Erolanta (China).</p>  <p>Это производитель из Китая, появившийся на рынке России в 2007 году и ставший популярным в рекордно короткие сроки. Коллекция сексуальных нарядов была подобрана так, что смогла удовлетворить запросы тысяч покупательниц.</p>  <p>Под маркой «Эроланта» сегодня выпускаются сетевые комбинезоны, кружевные бюстье, облегающие корсеты, фантазийные чулки и колготы, комплекты, перчатки, трусики всевозможных форм, а также красивая обувь для стриптиза и не только.</p>  <p>Особую любовь у клиенток нашего интернет-магазина получили игровые костюмы – горничной от Эроланта и медсестры сексуальной помощи.</p>";Китай;html
35;Kameli;;Таиланд;html
37;"Fuju Latex, Co., LTD";;Япония;html
39;Baile;"<p>Компания Baile Health Care Product Co.Ltd. была основана в далёком 1993 году. Однако даже нескольких лет существования хватило, чтобы Baile стал самым узнаваемым китайским брендом товаров для взрослых. На сегодняшний день компания производит более 3000 секс-игрушек и аксессуаров и поставляет их по всему миру. </p> <p>Благодаря работе талантливых дизайнеров, профессиональных разработчиков и исследователей  компания Baile Health Care Product Co.Ltd. непрестанно совершенствует свою продукцию – в плане как дизайна, так и функциональности. Высокое качество всех товаров подтверждено многочисленными сертификатами соответствия. </p> <p>Для производства секс-игрушек Baile используются такие материалы, как TPE, TPR, силикон. Большинство механизмов отличаются многофункциональностью, а также несколькими уровнями вибрации или ротации. У вибромассажёров  имеются удобные и надёжные пульты управления – встроенные, выносные и беспроводные. </p>";Китай;html
40;"Love Collection";;Россия;html
41;"Парфюм престиж М";;Россия;html
44;Contex;;Франция;html
45;DressToUndress;;Россия;html
46;Роспарфюм;;Россия;html
47;ForPlay;;США;html
48;"Toy Joy";"<p>Toy Joy – одно из подразделений крупного европейского дистрибьютора товаров для взрослых Scala Playhouse. Слоган компании – Toy for fun (в пер. с английского, «игрушки для развлечения») – как нельзя лучше отражает дизайн и предназначение секс-игрушек Toy Joy. Все они яркие, современные, из инновационных материалов, удобные в использовании: с Toy Joy интимная близость никогда не будет скучной! </p> <p>Несмотря на молодой возраст, бренд Toy Joy представлен более чем 600 моделями интимных аксессуаров и в рамках более чем десятка коллекций. Если вы подыскиваете для себя что-нибудь особенное, эта секс-вещица наверняка отыщется среди товарного ассортимента Toy Joy. </p>";Нидерланды;html
49;"Dream Toys";;Китай;html
51;Tonga;;Нидерланды;html
52;Scala;;Нидерланды;html
53;Evolved;;США;html
54;SplitDildo;;Россия;html
56;Fleshlight;;США;html
57;"Anal Jewelry Plug";;Китай;html
58;Durex;"<p> 	Товары торговой марки Durex, зарегистрированной в Великобритании в 1929 году, стали популярны в России более 20 лет назад.</p> <p> 	Иначе и быть не могло, ведь &laquo;Дюрекс&raquo; &ndash; всемирно известный производитель качественных барьерных контрацептивов из латекса и полиуретана, а также сопутствующих товаров для защищённого секса (смазок, возбуждающих гелей, очищающих салфеток).</p> <p> 	Все презервативы этой марки, родом из UK, проходят три вида тестирования: электроникой, на протечки, на разрыв воздухом. Многоэтапная проверка гарантирует потребителям надёжную защиту от ЗППП и нежелательной беременности.</p>";Великобритания;html
59;Sportsheets;;США;html
60;Подиум;;Россия;html
61;"FUN / ULTRA ZONE";"<p> 	FunZone и UltraZone – две торговые марки компании Ideal International Group (China). Товары для взрослых «ФанЗон», а это массажёры для груди, мастурбаторы Vulcan, вибраторы, вагинальные шарики и эрекционные колечки, призваны привнести задор в сексуальную жизнь своих владельцев.</p> <p> 	Что же касается «УльтраЗон», это выбор утончённых людей, довлеющих к элегантным формам и нежным прикосновениям.</p> <p> 	Специально для ценителей чувственных ласк, в том числе из России, этот производитель из Китая разработал самонагревающиеся вибромассажёры, виброяйца на радиоуправлении, а также вагинальные стимуляторы из нежнейшего материала Refined Touch.</p>";Китай;html
62;We-vibe;"<p>Первый массажёр We-vibe от канадской компании Standard Innovation Corporation был представлен на выставке Adult Novelty Expo в 2008 году. Его появлению предшествовали целых 5 лет кропотливой работы и одна уникальная идея – создать секс-игрушку, способную одновременно ласкать обоих партнёров. </p> <p>За первой версией We-vibe последовала вторая, а потом и третья с четвёртой! Сегодня под брендом We-vibe продаётся более десятка различных по форме вибромассажёров, призванных улучшить качество интимной жизни и подарить фантастические ощущения от близости. </p> <p>Каждый We-vibe – это высококачественный, компактный, выполненный из экологически чистых материалов массажёр, обеспечивающий непревзойдённую стимуляцию эрогенных зон. Именно поэтому число поклонников бренда растёт, а продукция Standard Innovation Corporation успешно продаётся в более чем 50 странах мира. </p>";Канада;html
63;Waterglide;;Германия;html
64;Gox;;Китай;html
65;"Natural massage oil";;Германия;html
66;"Sextoy 2011";;Китай;html
67;PicoBong;;Швеция;html
68;"Doctor Love (Futuring)";;Германия;html
69;Ledapol;;Польша;html
70;Toy4Fun;;Китай;html
71;"Holiday Exclusive";;США;html
72;FlirtOn;"<p>Первыми товарами, выпущенными под маркой FlirtON в 2009 году, были игрушки для взрослых из… плюша. Пышный бюст, попка в трусиках, пенис размером с руку, брелоки в виде возбуждённых во всех местах зайчиками, тапочки с титечками – эти и другие игрушки для взрослых быстро завоевали популярность у российских покупателей, ведь до этого момента подобную сувенирную продукцию не выпускал никто. </p>  <p>Что тут началось! Федеральные и местные челябинские СМИ заинтересовались «неприличными» игрушками, представители Государственной Думы и вовсе хотели запретить продажу «Весёлого Йуха» и ему подобных подушек. Но фабрике «Ростекс» эта шумиха была только на руку. Воспользовавшись моментом, компания выпустила линейку костюмов для ролевых игр, а еще чуть позже – первые модели эротического белья для женщин.</p>  <p>Сегодня бренд FlirtON представлен более чем 150 наименованиями, среди которых вы найдёте плюшевые сувениры, высококачественное эротическое бельё из ткани и кружев польского, турецкого и латвийского производства, а также игровые костюмы для претворения в жизнь самых смелых сексуальных фантазий! FlirtON – включите воображение!</p>";Россия;html
73;"Shirley of Hollywood";"<p>Shirley of Hollywood – компания из США, выпускающая эротическое бельё вот уже более полувека.</p>  <p>Этот производитель сделал ставку на высокое качество, вот почему сетевые комбинезоны, бюстье, комплекты, пеньюары, сорочки и платья «Ширли оф Голливуд» пользуются неизменным спросом у женщин.</p>  <p>Широчайшая линейка белья «Ширли» ежегодно обновляется, однако лишь некоторые модели исчезают из продажи. В этом и есть уникальность Shirley – бельё этой марки всегда актуально и в моде!</p>  <p>В отличие от конкурентов компания Shirley of Hollywood (USA) разрабатывает и выпускает модели больших размеров – от XL до 6X. Во многом из-за этого число поклонников марки, в том числе из России, не становится меньше.</p>  <p>В сорочках и корсетах, женщины-пышечки становятся в разы сексуальнее и красивее.</p>";США;html
74;Pjur;"<p>Специалисты немецкой компании Pjur считают, что их работа заключается в приумножении любви. Дело в том, что продукция Pjur – разнообразные лубриканты, и правда, делающие занятия любовью сверх чувственными. Среди широкого ассортимента каждый найдёт то, что сделает его интимную жизнь более комфортной и яркой – и скромник, и вечный экспериментатор.</p> <p>Все ингредиенты для лубрикантов Pjur проходят тщательный отбор, а готовая продукция – всевозможные проверки: дерматологические и цитотоксические тесты, испытания с презервативами и пр. Именно поэтому интимные средства Pjur получили от независимой немецкой комиссии Stiftung Warentest, контролирующей качество продуктов, оценки «Лучший на практике» и «Отлично». </p> <p>В состав лубрикантов, пролонгаторов и стимулирующих средств не входят вазелиновые смеси, растительные масла, парфюмерные отдушки, генномодифицированные вещества, парабены. Они безопасны для здоровья и при использовании с презервативами, что подтверждают СЕ-сертификаты и результаты исследований независимых лабораторий. </p>";Германия;html
75;Sexus;;Китай;html
76;"MyWorld - DIVA";;Китай;html
78;Dibe;;Китай;html
79;Leco;;Китай;html
80;"Icon Brands";;США;html
81;Джага-Джага;;Россия;html
82;"Swiss navy";"<p>Научная лаборатория M.D.Science Lab была основана Ральфом Альбрехтом в американском городке Форт-Лодердейл штата Флорида в начале 1999 года. Изначально компания занималась исключительно производством БАДов, но со временем расширила ассортимент лубрикантами. Для новинок был зарегистрирован новый бренд - Swiss Navy («швейцарский флот» в переводе с английского языка). </p> <p>Запоминающееся название-оксюморон, высокое качество ингредиентов, безопасность для здоровья и удобная упаковка – эти четыре слагаемых в сумме обеспечили продукции Swiss Navy необычайный успех у потребителей. Сегодня товары этой марки успешно продаются в аптечных сетях и секс-шопах в 48 странах мира. </p>";США;html
83;GTC;;Корея;html
84;OhMiBod;;США;html
85;"Bristols SIX";;США;html
86;HOT;;Австрия;html
87;Shiatsu;;Австрия;html
88;Luxxa;;Франция;html
89;"Candy Girl";"<p>Продукция Candy Girl впервые появилась в продаже в конце 2012 года. Благодаря яркости, смелому дизайну и доступной цене эротическое бельё этой марки мгновенно стало популярным в России. На сегодняшний день ассортимент Candy Girl насчитывает более 55 фантастических моделей, и их число постоянно растёт. </p> <p>Условно всю линейку можно разделить на три коллекции: эффектные клубные платья, игровые костюмы для ролевых игр и наряды из сетки. Платья, многие из которых выполнены из блестящей ткани или имеют пикантные вырезы/разрезы, сделают свою хозяйку как минимум звездой вечеринки, как максимум – украшением спальни. </p> <p>Благодаря игровым костюмам – кошечки, медсестры, заключённой, полисвумен, стюардессы и пр. – всегда можно примерить новый и очень сексуальный образ. Боди, платья и комбинезоны из сетки, подчёркивая пленительные изгибы фигурки, легко превратят любую в секс-бомбу или жрицу ночи. </p>";Китай;html
90;OVO;;Германия;html
91;Odeco;;Китай;html
92;"Pink Lipstick";"<p>В начале 2013 года американская компания International Intimates Inc., довольно известная на мировом рынке, познакомила всех с новой торговой маркой - Pink Lipstick. Ориентированная на молодых женщин, она была представлена клубными платьями и эффектными комплектами для вечеринок, неоновыми леггинсами и колготками. Чуть позже ассортимент пополнился чулками, платьями и комбинезонами из сетки, а также элегантными, но от этого не менее сексуальными, облегающими платьями.</p>  <p>Основные цвета белья и одежды Pink Lipstick – игривый розовый и строгий чёрный. Большинство моделей не имеет швов, благодаря чему топы, мини-юбочки и платья особенно приятны в носке. Использование блестящих тканей (в том числе материалов с эффектом wet-look) и декорирование пайетками и бантами делают каждую вещь от Pink Lipstick особенной, а её владелицу – самой яркой звёздочкой вечеринки! </p>";США;html
104;Masculan;;Германия;html
105;"Издательский Дом ЭКСМО";"Российское издательство, одно из крупнейших в Европе. Оно выпускает более 8 тыс. наименований книг в год общим тиражом порядка 80 млн. экземпляров.";Россия;html
106;Jopen;;США;html
107;"Jes Extender";;Дания;html
108;"Male Edge";;Дания;html
109;"Pandora Novelties";;Китай;html
110;DIOGOL;;Франция;html
111;Shunga;"<p>В 2000 году канадская компания Eau Zone Oils & Fragrances, будучи уже довольно успешной и узнаваемой, решила разработать новый бренд косметической продукции - SHUNGA Erotic Art. Shunga – это одно из направлений японской ксилографии или искусство создания эротических гравюр. Стремясь воплотить всю его чувственность, компания создала линейку потрясающих косметических и интимных товаров, исполнение которых стилизовано в духе shunga. </p> <p>На сегодняшний день под брендом SHUNGA Erotic Art выпускается более 60 наименований косметических средств, среди которых есть гели и массажные масла, лубриканты, возбуждающие и пролонгирующие крема, соли и гели для ванн, краски и пудра для тела. Вся интимная косметика SHUNGA гипоаллергенна, многие продукты являются органическими, ну а некоторые, благодаря уникальному составу, даже съедобны. </p> <p>SHUNGA Erotic Art – это потрясающие ароматы, высокое качество, а также неповторимый стиль и изысканность в каждом флаконе! </p>";Канада;html
112;"Natural touch";;Таиланд;html
113;"Lux Fetish";"<p>Когда хочется стать ближе друг к другу, а также осуществить смелые фантазии, на помощь придёт Lux Fetish – фантастическая коллекция БДСМ-аксессуаров, разработанных в США.</p> <p>Под торговой маркой «Люкс Фетиш» собраны более 100 товаров, большая часть из которых относится к категории «Easy to Use». Наручники, фиксаторы ног, стропы для связывания, маски и кляпы – эти аксессуары как нельзя лучше подходят тем, кто только начинает знакомство с миром подчинения и доминирования.</p> <p>Для опытных же Господ и Рабов из России производитель предлагает кое-что посерьёзнее, например, секс-качели и смирительную рубашку. Новые, манящие возможности… всё это Lux Fetish, USA!</p>";США;html
114;Aneros;;США;html
115;"Ann Devine";;США;html
116;Glas;;США;html
117;"Hustler Lingerie";;США;html
118;"Electric Lingerie";"<p>Будучи основанным в 2003 году в США, бренд Electric Lingerie уже сегодня популярен более, чем в 20 странах мира.</p> <p>Модели Electric Lingerie отличаются смелым, дерзким оформлением и фасонами, подчеркивающими изящные изгибы тела. Главная особенность производителя - коллекция яркой неоновой клубной одежды из откровенных платьев, костюмов для танцовщиц go-go и броских вызывающих аксессуаров.</p> <p>Все модели бренда делятся на три серии: <ul><li>Hosiery Lingerie - сетчатые кэтсьиты, лифы и трусики, колготки, чулочки с различными плетениями. Созданные из нежной эластичной сеточки они идеально садятся по фигуре, повторяя ее очертания.</li> <li>Electric Lingerie - основная серия производителя, включающая в себя классические комплекты эротичного белья, сорочки и бэби-доллы.</li> <li>Electric Clubwear - открытые платья, откровенные топы и миниатюрные юбочки, костюмы для танцев go-go и клубных вечеринок, выполненные из эластичных материалов неоновых расцветок. Также в серию входят необычные аксессуары: крылья из натуральных перьев, сверкающие пэстисы различных форм.</li></ul></p>";США;html
119;Luxe;;Китай;html
120;Domino;;Китай;html
121;Sagami;;Япония;html
122;"Le Frivole";"<p>Чтобы блистать на карнавале или примерить на себя неожиданный образ, никак не обойтись без костюма. Вариант для любой тематической вечеринки предлагает Le Frivole. Эта торговая марка была зарегистрирована всего несколько лет назад. Однако этого срока хватило, чтобы снискать любовь покупателей в России и расширить ассортимент до 450 наименований. В большинстве своём, костюмы «Ле Фриволь» предназначены для женщин, однако и мужская линейка активно расширяется. </p> <p>Сегодня компания Le Frivole, производственные мощности которой находятся в Китае, выпускает яркие карнавальные костюмы (ангелов, фей, ведьм и пр.), а также сексуальные наряды для ролевых игр (медсестёр, полисвумен, служанок и пр.). Яркие, стильные, с интересными деталями, они призваны привлекать внимание окружающих и приумножать красоту своих обладательниц. Также среди ассортимента «Ле Фриволь» разнообразные аксессуары, способные создать образ «из ничего» или послужить завершающим штрихом костюма. </p>";Китай;html
123;"Dear girl";;Китай;html
124;Dupu;;Китай;html
125;Temptlife;;Китай;html
130;"Seven Creations";;Китай;html
131;NMC;;Канада;html
132;"LOVETOY (А-Полимер)";;Россия;html
134;Howells;;Китай;html
135;"Joy N More";;Россия;html
136;"Vibe Therapy";;Китай;html
137;Qvibry;;Китай;html
138;"Big Teaze Toys";;США;html
139;Casmir;"<p>Модное, сексуальное, приятное в носке, пошитое из высококачественных материалов по новейшим технологиям - всё это об эротическом белье Casmir. Впервые продукция этого польского бренда поступила в продажу в конце 2012 года и быстро смогла завоевать любовь женщин в Польше, странах ЕС, бывшего СНГ и России. </p> <p>На сегодняшний день под маркой Casmir выпускается более 130 роскошных моделей эротического белья: сорочек, боди, корсажей, пеньюаров и комплектов. Все они отвечают модным трендам, подчёркивают достоинства фигуры, окружают своих владелиц флёром сексуальности. Стоит отметить, что все сорочки, пеньюары и корсажи идут в комплекте с трусиками-стринг. </p> <p>Отличительная черта белья Casmir – высокое качество используемых материалов: все они произведены в Италии и Испании, имеют сертификат OECO-TEX. Для пошива используется уникальное двухцветное кружево, полупрозрачный тюль, воздушный фатин и эластичный сатин. Весь процесс производства компьютеризирован, что сводит на нет вероятность брака. </p>";Польша;html
140;Avanua;"<p>Компании Avanua, основанной в Польше в 2011 году, понадобилось всего несколько лет для того, чтобы завоевать бельевой рынок в Европе. Высокое качество используемых материалов, высокотехнологичное оборудование с компьютеризированным управлением, разумная цена и свежий дизайн – эти четыре слагаемых в сумме обеспечили невероятный успех продукции Avanua у женщин. </p> <p>На сегодняшний день ассортимент Avanua включает более 200 сексапильных моделей белья: сорочек, боди, комплектов, пеньюаров, корсажей, трусиков и пр. Все они изысканны на вид, приятны к телу, не вызывают аллергических реакций на коже и поставляются в подарочной упаковке.</p>";Польша;html
141;Svakom;"SVAKOM – популярный бренд, вся продукция которого выполнена из высококачественных экологически чистых материалов, отвечающих всем стандартам безопасности Европы и США.  <br><br>SVAKOM тщательно изучил сексуальные потребности людей и создал игрушки, удовлетворяющие желания самых взыскательных клиентов. Все изделия выполнены по новейшим технологиям и не только многофункциональны, но и обладают изящным элегантным дизайном. <br>SVAKOM – бренд, который заботится о высоком качестве продукции и о том, чтобы каждый пользователь смог испытать невероятные и новые ощущения с помощью одного нажатия кнопки.";США;html
142;Ero;"Представляем Вам линейку <b>Ero</b> от австрийского производителя Prime Products, уже полюбившегося российским потребителям своими линейками <a href=/brand/hot.html>Hot</a> и <a href=/brand/shiatsu.html>Shiatsu</a>.  <br><br>Линейка <b>Ero</b> включает в себя 4 продукта, каждый из которых поставляется в виде крема и спрея. Из них два продукта для женцин (<a href=/prod.php?id=14130>возбуждающий</a> и <a href=/prod.php?id=14131>сужающий</a>) и два продукта для мужчин (<a href=/prod.php?id=14133>возбуждающий</a> и <a href=/prod.php?id=14134>прологирующий</a>).";Австрия;html
143;"Livia Corsetti";;Польша;html
145;JimmyJane;;США;html
146;KOKOS;;Корея;html
147;Beastly;;Россия;html
149;Baci;;США;html
151;Chisa;;Китай;html
152;Tantus;;США;html
153;"B Swish";"BSwish - это роскошные товары по доступным ценам. Все продукты BSwish производятся только из качественного бархатистого пластика без запаха и 100% медицинского силикона. Единое красивое оформление упаковки привлекает внимание.";США;html
155;"Supreme Nature";;Нидерланды;html
156;Tokidoki;"Бренд Tokidoki - детище Саймона Легно, предпринимателя итальянского происхождения. С раннего детства Саймон любил рисовать, и желание создавать своими руками что-то новое не отпустило его даже в зрелом возрасте. Совместно с предпринимателями Пуни Мохаджером и Иваном Арнольдом в 2003 году он основал Tokidoki - бренд секс-игрушек, на дизайн которых Саймона вдохновило японское анимэ.";Великобритания;html
157;"Wild Lust";;Россия;html
158;ZINI;"Корейская торговая марка Zini, известная сегодня как производитель стильных, качественных, функциональных и безопасных секс игрушек, была основана еще в 2003 году.   <br><br>История этого бренда начиналась с небольшой дистрибьюторской компании, которая специализировалась, главным образом, на он-лайн продажах продукции для взрослых от ведущих мировых производителей.   <br><br>К 2009 году компания накопила колоссальный опыт в сфере производства и реализации секс игрушек. С самых первых дней своей деятельности компания вела учет потребностей потребителей, выясняя, что именно желает видеть в секс игрушках и интимных аксессуарах конечный пользователь.   <br><br>Таким образом, к 2009 году на мировом рынке товаров для взрослых появился новый корейский бренд Zini. Сегодня, компания Zini известна далеко за пределами корейского рынка секс игрушек. Благодаря инновационному подходу к созданию товаров для взрослых, компания Zini предлагает своим покупателям действительно востребованную и популярную продукцию.   <br><br>Первый продукт под собственной торговой маркой компания Zini представила в октябре 2009 года.  С тех пор было выпущено несколько различных коллекций секс игрушек, каждая из которых уже успела завоевать популярность во многих странах мира. Теперь продукцию компании Zini можно найти в России.  <br><br>Под торговой маркой Zini на сегодняшний день выпускаются вагинальные и клиторальные вибростимуляторы, вибромассажеры для двоих, мастурбаторы и косметика для секса. Продукцию марки Zini можно легко узнать по невероятно стильному дизайну и футуристическому стилю.   <br><br>Для производства секс игрушек компания использует исключительно безопасные материалы, в частности медицинский силикон. Кроме того, все коллекции вибростимуляторов марки Zini являются водонепроницаемыми.";Корея;html
159;ENVY;;США;html
160;"NS Novelties";;США;html
161;"Fifty Shades of Grey";"<p>Поклонники известного романа Fifty shades of Grey («Пятьдесят оттенков серого») получили возможность примерить на себя роли загадочного Кристиана и наивной Анастасии. Вдохновившись горячими любовными сценами мегапопулярной трилогии, разработчики создали уникальную коллекцию интимной косметики и аксессуаров - Fifty shades of Grey. </p> <p>В неё вошли различные лубриканты, пролонгирующие, возбуждающие и успокаивающие крема, массажные масла и масла для ванны, стимуляторы и вибромассажёры для вагинальных и анальных ласк, а также БДСМ-девайсы – от наручников и масок на глаза до плетей и стеков. Каждая из этих вещиц призвана привнести в интимную близость ещё больше романтики, чувственности… и боли. </p> <p>Стоит отметить, что Эл.Джеймс - автор нашумевшего любовного романа - одобрила каждое косметическое средство и каждую секс-игрушку! Хочется сильных ощущений, как в книге? С коллекцией Fifty shades of Grey всё может быть даже лучше! </p>";Великобритания;html
162;Sqweel;;Великобритания;html
163;"System JO";;США;html
165;Bathmate;;Великобритания;html
166;"Nexus Range";;Великобритания;html
167;MyStim;;Германия;html
168;Tenga;"<p>Секс-игрушки от японской компании Tenga, пожалуй, - одни из самых узнаваемых в мире. Дизайнеры сделали ставку на уникальный внешний вид и разработали стимуляторы для мужчин, совершенно не похожие на женские прелести – космические, футуристические, но только не реалистичные. </p>  <p>Мастурбаторы с фантастическими рельефами любовных тоннелей открывают потребителю безграничные возможности для фантазии. Именно это сделало секс-игрушки от Тенга такими популярными и обеспечило компании порядка 3 миллионов новых покупателей в год. </p>  <p>А как же женщины? В последний год специалисты Tenga сделали шаги и в этом направлении. Виброшары VI-BO, вибростимуляторы IROHA…  и это только начало! В ближайшее время ожидается появление новых «женских» серий стимуляторов для чувственного массажа самых нежных местечек. </p>";Япония;html
169;KeepBurning;;Австрия;html
170;Rocks-Off;;Великобритания;html
171;"ID lubricants";;США;html
172;Swede;;Швеция;html
173;Lovetoy;;Китай;html
174;"Luna Veneziana";"Уникальные венецианские металлические маски.";Италия;html
175;"Hot Octopuss";;Великобритания;html
176;"Je Joue";;Великобритания;html
177;Tickler;;Швеция;html
178;Orion;;Германия;html
179;Viamax;;Швеция;html
183;Gmi-x;;Великобритания;html
184;"Sharon Sloane";;Китай;html
185;"Joy Division";;Германия;html
186;Ree;;Нидерланды;html
187;"Rene Rofe";;США;html
188;Roxana;;Польша;html
189;"Blush Novelties";;США;html
190;Sitabella;"<p>ООО «СК-Визит», выпускающее товары медицинского и эротического назначения под брендом Sitabella, было основано в Армавире Краснодарского края в 2003 году. Изначально компания была ориентирована на производство средств защиты и насадок из латекса, но со временем расширила список своей продукции БДСМ-атрибутами и секс-игрушками. </p> <p>В настоящее время ассортимент «СК-Визит» насчитывает более 500 наименований, и эта цифра ежегодно растёт. Наручники, оковы, кляпы, маски, ошейники, ударные девайсы, трусики и прочие приспособления для фиксации насадок Харнесс, вагинальные шарики, удлиняющие и стимулирующие насадки, презервативы… Семейные пары, одинокие экспериментаторы и поклонники БДСМ-игр без труда найдут среди этого изобилия интимных товаров те, что разнообразят их сексуальную жизнь. </p> <p>Для производства БДСМ-девайсов используется натуральная кожа, искусственная кожа, пластик без добавления фталатов, латекс, пенистый неопрен и прозрачная плёнка из поливинилхлорида. Многие модели выпускаются в нескольких цветовых решениях – чтобы угодить самому взыскательному покупателю. </p>";Россия;html
191;JOJO;;Нидерланды;html
192;"Zero Tolerance";;США;html
193;"Candy Boy";;Китай;html
194;"БДСМ Арсенал";;Россия;html
196;"R&S GmbH";;Германия;html
197;Erokay;;Китай;html
198;JuJu;;Россия;html
199;"Lola Lingerie";;Россия;html
202;Obsessive;"<p>Эротическое бельё польского бренда Obsessive – одно из самых узнаваемых как в Европе, так и в России. Оно продаётся более чем в 40 странах мира и заслужило признание сотен тысяч женщин (и, конечно, их поклонников). Благодаря продуманному дизайну и высокому качеству пошива бренд Obsessive не раз получал престижные награды – Gazele Biznesu, Laur Konsumenta 2015, Consumer Quality Leader of 2014 и др. </p> <p>Ассортимент белья Obsessive – сорочки, кэтсьюиты, корсажи, чулки, колготы, комплекты, боди – представлен в рамках трёх коллекций: Fun, Spicy и Sexy. Каким бы ни был ваш выбор, можете быть уверены - модели, каждая из которых служит воплощением сексуальности и женственности, позволят вам почувствовать себя красивой и желанной! </p>";Польша;html
203;"Leg Avenue";;США;html
204;"Maison Close";;Франция;html
205;"Seven`til Midnight";"<p>Seven til Midniht - известный американский производитель эротичного белья и игровых костюмов. В его ассортименте можно выделить несколько основных направлений: <ul><li>Эротичное белье - комплекты, воздушные сорочки, корсеты, подчеркивающие линии тела, боди, которые можно даже надевать вместо топа.</li> <li>Пижамы - из тончайшего атласа, струящиеся, обволакивающие, максимально комфортные для сна.</li> <li>Пеньюары и халатики - полупрозрачные модели, позволяющие лишь угадывать очертания фигуры.</li> <li>Аксессуары - дополняющие образ и придающие ему завершенность. Это и чулочки с разнообразными резинками, и колготки со стрелкой сзади, и кружевные пояса, атласные и сетчатые перчатки, трусики на завязках и даже леггинсы из цветочного кружева.</li> <li>И, конечно, игровые костюмы - именно на них сделан основной акцент компании. Среди моделей можно выбрать наряд для любого случая, будь то свадьба, день всех влюбленных или просто особое свидание.</li></ul></p>";США;html
206;"Coquette Int";"<p>Coquette - всемирно известный канадский производитель эротичного белья с многолетней историей и широким ассортиментом. Разнообразие моделей порадует как любительниц нежных романтичных образов, так и тех, кому нравится  погорячее .</p> <p>Белье и игровые костюмы от Coquette делятся на несколько коллекций, каждая из которых оформлена в определенном стиле: <ul><li><strong>Main Collection</strong> - классическое сочетание благородных насыщенных цветов и роскошных фактур атласа и кружева.</li> <li><strong>Kissable</strong> - нежные кружевные сорочки и беби-долл и целый ряд игровых костюмов - от платья тигрицы до униформы горничной. Модели коллекции Kissable упакованы в милые коробочки.</li> <li><strong>Darque</strong> - дерзкие корсеты, платья и аксессуары. Белье из этой серии выполнено из материала, имитирующего винил и натуральную кожу.</li> <li><strong>Spring & Summer </strong>- яркие корсеты и сорочки из легкого нежного кружева и мягкой сеточки.</li> <li><strong>Spellbound</strong> - модели, схожие с Main Collection, но дополненные лентами для связывания.</li> <li><strong>La Petite</strong> - чулочки, трусики, кружевные пояса для создания завершающего штриха в образе.</li></ul></p> <p>Среди роскошных моделей Coquette каждая девушка выберет для себя что-то интересное.</p>";Канада;html
207;BlueLine;;США;html
208;Womanizer;;Германия;html
209;Wicked;;США;html
210;"Hollywood Curves";;США;html
211;"Erotic Fantasy";"<p>Швейцарская компания Erotic Fantasy была основана в 2007 году. За годы своей деятельности она прошла путь от дистрибьютора товаров интимного назначения до производителя секс-игрушек и beauty-аксессуаров под брендом Erotic Fantasy.</p>  <p>В настоящее время продукция Erotic Fantasy, а это стимуляторы для пар, БДСМ-девайсы, интимные украшения, лубриканты и товары для красоты, успешно продаётся как в Европе, так и за её пределами. Поклонники этой марки есть и в России.</p>";Швейцария;html
212;"XR Brands";;США;html
213;"Allure Lingerie";;Канада;html
214;"Magic Wand";;Китай;html
215;"Forplay Lingerie";;США;html
216;Anasteisha;;Нидерланды;html
217;"Revel Body";;США;html
218;"Screaming O";;США;html
219;Passion;;Польша;html
220;"Mae B";;Канада;html
221;"Lola toys";;Россия;html
222;"Steel Power Tools";;Китай;html
223;Toyz4lovers;"<p>Toyz4lovers от MSX International – линейка секс-игрушек для мужчин, женщин и пар, которые отличаются высоким качеством исполнения и доступной ценой. Мало того, каждый стимулятор – воплощение тех форм и параметров, которые особенно ценят в игрушках покупатели интернет-магазинов. </p> <p>Продуманный дизайн, отменный функционал, использование безопасных для здоровья материалов, стильная упаковка – такой подход обеспечил компании несколько престижных наград – «Новый бренд игрушек-2011» на EroFame, «Лучшая маркетинг-компания- 2012», «Новичок года-2012». </p> <p>На сегодняшний день ассортимент Toyz4lovers представлен 13 коллекциями, каждая из которых точно заслуживает вашего внимания. </p>";Италия;html
224;"BMS Factory";;Канада;html
227;VNEW;;США;html
228;X-TOY;;Великобритания;html
229;Kanikule;;Великобритания;html
230;O`VIE;;Германия;html
232;AirBee;;Корея;html
233;"Magic Motion";;Китай;html
234;SPRING;"<p>SPRING – это бренд, который говорит с молодыми людьми на одном языке, вдохновляет на эксперименты и в то же время через сам продукт стимулирует заботиться о своём здоровье и безопасности, не забывать включать голову даже в самые эмоциональные моменты.</p>  <p>Качество продукции соответствует самым высоким мировым стандартам безопасности и надёжности, производство размещено на ведущих производственных площадках мира.</p>";Нидерланды;html
235;Gartelle;;Таиланд;html
236;JoyDrops;;Турция;html
237;Xuanai;;Китай;html
238;"Electric Shoes";;США;html
239;"Hustler Shoes";;США;html
240;LuxLab;;США;html
241;Anais;;Польша;html
242;"Classic Erotica";;США;html
245;Сима-Ленд;;Россия;html
246;Homido;;Китай;html
247;Kanpo;;Китай;html
248;ДСМ;;Россия;html
249;Elisex;;Великобритания;html
250;Xise;;Китай;html
251;O-Products;;Нидерланды;html
252;Liberator;;США;html
253;"Closet Collection";;США;html
254;H8ZE;;Китай;html
255;Chilirose;;Польша;html
256;"Fun Toys";;Великобритания;html
257;HiBall;;Китай;html
258;"Loving World";;Китай;html
259;"Empire Labs";;США;html
260;"Hot Secret";;Россия;html
261;"Potential 69";;Россия;html
262;Nalone;;Китай;html
263;Demoniq;;Польша;html
264;Lovense;;Китай;html
265;Ganzo;;Великобритания;html
266;Okamoto;;Япония;html
267;MensDreams;;Россия;html
268;"Be Wicked";;США;html
269;LoversPremium;;Нидерланды;html
270;Cocolicious;;США;html
271;"Xsensual Lingerie";;Польша;html
272;"Издательство EroQuest";;Россия;html
273;Unilatex;;Испания;html
274;"Элементы питания";;Китай;html
275;4sexdreaM;;Китай;html
276;Splashglide;"Немецкая компания Lubry GmbH специализируется на производстве медицинских лубрикантов, косметических средств и материалов для очищения. Среди всей выпускаемой продукции от Lubry наибольшую популярность снискала линейка лубрикантов под брендом Splashglide.  Сделано в Германии  — весомый аргумент в пользу Splashglide от Lubry GmbH.";Германия;html
277;ImToy;"<p>IMTOY Inc. – относительно молодая компания, ориентированная на разработку и производство инновационных товаров интимного назначения. Основанная в США в 2012 году, она уже сумела прославиться благодаря таким продуктам, как мастурбатор Piu и вагинальный шарик Candy. </p> <p>Все секс-игрушки IMTOY синхронизируются со смартфоном, перезаряжаемы, производятся из гипоаллергенного, шелковистого на ощупь силикона и поставляются в стильных подарочных коробках. IMTOY – яркие эмоции и непередаваемые ощущения, специально для вас! </p>";США;html
279;Cloneboy;;Нидерланды;html
280;Kiiroo;;Нидерланды;html
281;"Kiss me";;Нидерланды;html
282;Lubrix;;Франция;html
283;RUF;;Франция;html
284;Feelztoys;;Нидерланды;html
285;XLsucker;;Нидерланды;html
286;Erolution;;Германия;html
287;Energizer;;США;html
288;Taboom;;Нидерланды;html
289;Pheromax;;Германия;html
290;"Bijoux Indiscrets";;Испания;html
291;"Media Craft Inc.";;Япония;html
292;Autoblow;;США;html
293;Crave;;США;html
294;"Nomi Tang";;Великобритания;html
295;"Пикантные штучки";;Россия;html
296;Veneziana;"<p>Продукция Veneziana - это сочетание изысканного стиля с качеством и дизайном на самом высоком уровне. Бренд в течение 20 лет присутствует в Польше, следует за тенденциями в моде, однако не забывает и о классике. Для поклонников модных и оригинальных моделей Veneziana каждый сезон предлагает коллекции колготок, чулок, гетр, носков и гольф с уникальным дизайном и расцветками. </p> <p>Качество, инновационный дизайн и богатая цветовая палитра получили признание среди клиентов компании. Вот почему Veneziana является одним из лидеров рынка чулочно-носочных изделий в Польше, а также в странах Европейского Союза и на восточных рынках, где продукты Veneziana пользуются неослабевающей популярностью на протяжении многих лет.</p>";Польша;html
297;b-Vibe;;США;html
298;Фужуйши;;Россия;html
299;КомФарм;;Россия;html
300;Виктория-Райт;;Россия;html
301;РеалКапс;;Россия;html
302;"Vedic V-Tight";;Индия;html
303;"ФИТО ПРО";;Россия;html
304;Оникс;;Россия;html
305;"Идель Групп";;Россия;html
306;Satisfyer;;Германия;html
307;Eroticon;;Россия;html
308;ВИС;;Россия;html
310;Lexy;;Китай;html
311;"Вселенная здоровья";;Россия;html
312;Парафарм;;Россия;html
313;"Витаминный рай";;Россия;html
314;Фармтех;;Россия;html
315;Фулибао;;Россия;html
316;"Мистер ИКС Трейд";;Россия;html
317;МАМИ;;Россия;html
318;Восток;;Россия;html
320;Капиталпродукт;;Россия;html
321;Fever;"<p>Fever - британский бренд эротического белья и аксессуаров, основанный в 2008 году в связи с ростом спроса клиентов, желающих выглядеть погорячее. Коллекция Fever создана, чтобы клиенты могли почувствовать веселье и приятное волнение уже во время подготовки к классной вечеринке. </p>  <p>Белье, парики, чулки и прочие аксессуары Fever отличает стиль и индивидуальность. Fever предлагает все, что нужно для стильных вечеринок. С коллекцией Fever вы будете хорошо выглядеть и отлично себя чувствовать!</p>";Великобритания;html
322;"Me Seduce";;Польша;html
323;Swoon;"<p>Swoon (в переводе с англ.яз. - обморок) - коллекция секс-игрушек, массажных масел, бальзамов и свечей, на создание которой британских дизайнеров вдохновил стиль ретро. Она предназначена для повышения вашего интимного удовольствия, улучшения качества сексуальной жизни. Добавьте новое измерение любви с Swoon!</p>";Великобритания;html
324;"Motley Crue";"<p>Это официальная коллекция мощных вибраторов - как маленьких, так и больших - от культовой глэм-рок группы Motley Crue, известной помимо своего музыкального творчества эпатажными выходками и бесконечными авантюрами с женщинами.</p>";Великобритания;html
326;"HOT planet";;Россия;html
327;"House of steel";;Пакистан;html
328;Softex;;Германия;html
329;"Hanger strips";;Россия;html
330;"Adrien Lastic";;Испания;html
331;"Erotist Lubricants";;Россия;html
332;"The Rabbit Company";;США;html
333;Rebelts;;Россия;html
334;Алтэя;;Россия;html
335;Eska;"<p>Ёska – один из немногих органических лубрикантов в ассортименте нашего магазина и единственный, что произведён на территории СНГ. Сделанный в Беларуси, он не имеет российских аналогов и, благодаря почти вдвое меньшей стоимости, успешно конкурирует с продукцией известных брендов из США и Европы. </p>  <p>Практически полностью (на 98,9%) Ёska состоит из растительных компонентов и сертифицированного органического сырья. В его составе нет парабенов, продуктов нефтепереработки, искусственных ароматизаторов, сахаров и, что особенно важно, глицерина. Именно этот популярный компонент интимных смазок способствует развитию дрожжевых инфекций (кандидоза) у женщин.</p>  <p>Ёska обеспечивает отличное скольжение, интенсивно увлажняет чувствительную кожу и слизистые интимных органов, устраняет сухость и дискомфорт, не имеет вкуса и запаха, съедобен, не оставляет чувства липкости на коже, не требует смывания, совместим с презервативами и секс-игрушками, подходит для ежедневного использования и всех видов секса. Ёska – интимный лубрикант, созданный для любви!</p>";Беларусь;html
336;Erotist;;Россия;html
337;"Mister B";;Нидерланды;html
338;"VR BOX";;Китай;html
339;LuxeLuv;;США;html
340;"Men sMax";"<p>Бренд Men’sMax был зарегистрирован японской компанией Enjoy Toys Company Limited в 2011 году и до начала 2017 года не был представлен на российском рынке. Вся продукция Men’sMax, а это презервативы, лубриканты и «продвинутые» мастурбаторы, производится на собственном заводе компании в Японии и отвечает высочайшим стандартам качества.</p>  <p>Материал PureRial, из которого изготавливаются все мастурбаторы Men’sMax, запатентован Enjoy Toys Company Limited и на сегодняшний день не имеет аналогов. Супер эластичный, нежный, как девичья кожа, и износостойкий, он лёгок в формовке: мужские игрушки для фаллостимуляции этого бренда отличаются впечатляющим внутренним рельефом.</p>  <p>Ещё одна разработка компании – пропитка +Wetch. Для использования мастурбаторов с отметкой +Wetch на упаковке не нужны лубриканты: при взаимодействии с водой любовный тоннель покрывается скользким слоем. По своей текстуре и смазывающим свойствам он похож на естественную женскую смазку. </p>";Япония;html
341;WANAME;;Нидерланды;html
343;"Dolce Piccante Lingerie";;Италия;html
344;Lolitta;;Польша;html
345;RestArt;;Россия;html
346;"Kama Sutra";;США;html
347;Motorhead;"<p>Mötorhead - одна из крупнейших рок-групп в мире, выпустившая 21 студийный альбом и бесчисленные синглы, включая хиты «Ace of Spades» и «Overkill». Официальная коллекция удовольствий Mötorhead может похвастать двумя пулями и двумя классическими вибраторами торпедной формы, украшенными знаковым логотипом и названием группы. Эти девайсы обеспечат ту силу и удовольствие, которых вы ожидаете.</p>";Великобритания;html
348;"ФармОушен Лаб.";;Россия;html
350;"Dame Products";"<p>По признанию Алекс и Дженет – соучредителей Dame Products, их компания создана для того, чтобы явить миру поистине феноменальные секс-игрушки. И первой разработкой стала Eva – компактный вибромассажёр для клитора, который не нужно удерживать руками во время ласк. Прелестные молодые предпринимательницы, одна из которых получила степень магистра в области клинической психологии в Колумбийском университете, а вторая – степень магистра в области машиностроения в Массачусетском технологическом институте,  считают, что Eva – лишь начало линейки продуманных, инновационных и высококачественных стимуляторов для пар. «Мы думаем, что секс-игрушки обязаны удовлетворять реальные потребности реальных женщин. Мы начинаем наш процесс проектирования с фокус-групп и научных исследований, а не с разработки яркой упаковки и привлекательного дизайна». </p>";США;html
351;Idoll;;Италия;html
352;Stimul8;"<p>Stimul8 - это аптечный бренд, выпускающий всё необходимое для страстных ночей: начиная от высококачественных интимных смазок и кремов до стимулирующих сексуальное желание пилюль. Вся продукция выполнена из безопасных, ухаживающих за кожей ингредиентов, гарантирующих вам  незабываемую сессию интимных исследований. Откройте для себя продукты Stimul8 и погрузитесь в мир плотских удовольствий, которые предлагает эта марка с лучшим соотношением «цена-качество».</p>";Нидерланды;html
353;Bodywand;"<p>Ассортимент секс-игрушек торговой марки Bodywand преимущественно состоит из вибраторов типа wand – жезлов с закруглённой головкой на гибком стержне. Такая форма гарантирует очень мощное воздействие при соприкосновении массажёра с областью клитора и половых губ, с сосками, а также с другими эрогенными зонами женского тела. Мини-версии Bodywand идеальны для путешествий: ничто не помешает вам погрузиться в экстаз, даже будучи далеко от любимого человека. Разнообразные насадки расширяют возможности массажёров Bodywand: делают их идеальным решением для анальной стимуляции, массажа точки G и P.</p>";США;html
354;"Perfect Fit Brand";"<p>Американская компания Perfect Fit Brand Inc. была основана в 2011 году и за первые годы существования завоевала множество престижных наград, в числе которых «XBIZ s 2016 Male Pleasure Products Company Year». Успех компании был предопределён, ведь с самого начала команды инженеров и дизайнеров из США и Канады были нацелены на создание ультрасовременных и новаторских продуктов, не похожих ни на какие другие. По словам Стива Кэллоу, генерального директора Perfect Fit Brand Inc., есть только один уровень исполнения, соответствующий  стандартам компании – потрясающе! </p>";США;html
355;"Monkey Spanker";"<p>Monkey Spanker – это нечто совершенно уникальное на мировом рынке секс-игрушек. Стимулятор представляет собой «ракетку» с отверстием в широкой части. Выстланное эластичным гофрированным материалом (real feel), оно предназначено для стимуляции пениса во время мастурбации или сексуальной близости. Движение гофры по стволу члена дарит ни с чем не сравнимые ощущения и лучшие оргазмы! В линейке мастурбаторов Monkey Spanker есть и вибрирующие модели – для максимально сильных сексуальных переживаний.</p>";Великобритания;html
356;AndroPlus;"<p>Прибор AndroPlus – уникальная разработка британской компании Lucister Services, в штат которой входят ведущие специалисты в области биологии, антропологии и медицины. Компания занимается разработкой медицинских аппаратов, и AndroPlus стал самым успешным проектом Lucister Services (по крайней мере, на сегодня).  При создании этого экстендера были учтены все достоинства и недостатки моделей конкурентов – для того, чтобы получить лучший и совершенный продукт. Максимально простой в использовании и эффективный, AndroPlus является одним из самых раскупаемых в мире приборов для увеличения пениса. </p>";Великобритания;html
357;"Plaisir Secret";;Франция;html
358;Starbust;;Франция;html
359;"Fashion Secret";;Франция;html
360;"Anne d Alès";;Франция;html
361;Drilldo;;США;html
362;"Le Wand";;США;html
363;Abia;;Гонконг;html
364;Zolo;;США;html
365;"Biological Technology Co.";;Китай;html
366;"Yxaiio GmbH";;Австрия;html
367;Beileisi;;Китай;html
368;"Gun Oil";;США;html
369;Erasexa;;Россия;html
370;"Color Z";;Россия;html
371;"White Label";;Китай;html
383;"Pleasure Lab";;Россия;html
384;"Monster Drops";;Китай;html
385;Luxlite;;Россия;html
386;Atomic;;Китай;html
387;Maia;;Китай;html
388;Vandersex;;Россия;html
389;REALOV;;Китай;html
392;ИнтелБИО;;Россия;html
393;joyboxx;;США;html
394;VIBOKIT;;Нидерланды;html
395;"Ванильный рай";;Россия;html
396;MJANU;;Китай;html
397;"Play Star";;Китай;html
398;ChocoLovers;;Россия;html
399;"Femme Fatale";;Россия;html
400;"Romeo Rossi";;Гонконг;html
401;LatexAS;;Германия;html
402;Fiore;;Польша;html
403;Pink;;США;html
404;"Crazy Girl";;США;html
405;Lingox;;Испания;html
406;"L Amourose";;Великобритания;html
407;Levett;;Китай;html
408;JULEJU;;Россия;html
409;"Minna Life";;США;html
410;A-toys;"<p>Секс-игрушки из коллекции A-toys от ToyFa – тот самый must have, которому найдётся место в вашей прикроватной тумбочке. Каждая вещица – от вакуумной помпы до хай-тек вибромассажёра – сочетает в себе высокое качество, удобство использования и, что немаловажно, стоит дешевле аналогов именитых брендов. Если вы хотите пополнить свою интимную коллекцию чем-нибудь интересным, обратите внимание на игрушки A-toys. Среди небольшого, но актуального ассортимента вы всегда отыщете предмет для волнующих ощущений.</p>";Китай;html
411;Evora;;Беларусь;html
412;BlowYo;;Великобритания;html
413;EGZO;"<p>EGZO – это фаллоимитаторы высокого качества, которые призваны дарить истинное удовлетворение, хорошее настроение и крепкое здоровье. Каждый интимный массажер упакован  в  индивидуальную  «EGZOтическую»  коробку  с  откидывающейся  крышкой,   которая  пикантно скрывает сам товар. В линейке EGZO множество разновидностей  фаллоимитаторов, в том числе совершенно уникальный экземпляр с усиками у головки.</p>";Великобритания;html
484;Shibari;;Китай;html
485;Uberlube;;США;html
486;"SayberX Inc.";;США;html
488;Romfun;;Китай;html
490;Xinlv;;Китай;html
494;Pornhub;;Великобритания;html
502;YESforLOV;;Франция;html
505;БиоМед;;Россия;html
506;Gabriella;;Польша;html
507;"Beauty Night";;Польша;html
508;Real;;Россия;html
509;CowGirl;;США;html
510;"Broad City";;Великобритания;html
511;АйМикс;;Россия;html
512;Coochy;;США;html
513;MOYTOY;;Китай;html
514;"Посох Али Платинум";;Малайзия;html
516;Doreanse;;Турция;html
517;S-HANDE;;Китай;html
520;Indeep;;Нидерланды;html
521;Cobeco;;Нидерланды;html
526;LoveMachines;;Китай;html
527;"Simply Sexy";;США;html
528;JOS;;Китай;html
529;Minx;;Великобритания;html
530;"Body Boudoir";;США;html
531;Max4Men;;США;html
532;"Love in Luxury";;США;html
533;"Bijoux Pour Toi";;Франция;html
534;Norddiva;;Турция;html
539;"Tokyo Design";;Китай;html
542;Elawin;;Турция;html
544;Штучки-дрючки;;Россия;html
557;"Coquette Revue";"<p>Изысканное нижнее белье французской торговой марки Coquette Revue впервые появилось на российском рынке в 2011 году. Поскольку ассортимент был представлен моделями как для стройных девушек, так и для прелестниц с пышными формами, бренд вскоре стал широко узнаваем и завоевал армию поклонниц. В коллекциях белья Coquette Revue даже самая требовательная покупательница легко отыщет модель бюстгальтера, отвечающего всем её запросам. Широкий модельный ряд, потрясающее по своей красоте кружево, разнообразие поддерживающих конструкций, нежная изысканная вышивка… Coquette Revue – выбор для разной тебя!</p>";Франция;html
558;"Enjoy toys";;Япония;html
560;Fifi;;Турция;html
561;ФлешНаш;;Россия;html
562;Genmu;;Япония;html
563;"Pure Instinct";;США;html
564;"Pornstar Pussy";;США;html
568;Sinjoys;;Китай;html
569;"Rosa Rugosa";;Китай;html
570;"Adam s secret";;США;html
571;"Viva La Donna";"<p>Viva La Donna – это молодая российская компания, выпускающая ассортимент в трех направлениях. Это боди-блузки для повседневной носки, пляжная  одежда и преимущественно деловая одежда для женщин (блузки, юбки и платья). Отличительные черты изделий Viva La Donna – изысканные кружева, классические силуэты и спокойные расцветки тканей. В большинстве моделей акцент сделан на линиях талии и бёдер, что позволяет подчеркнуть прелести женской фигуры. В одежде Viva La Donna каждая прелестница может почувствовать себя яркой и сексуальной.</p>";Россия;html
572;"Sergio Dallini";"<p>Sergio Dallini – итальянский бренд нательного белья, зашедший на российский рынок в 2017 году. Мужские трусы Sergio Dallini гарантируют комфортную посадку по фигуре за счёт отсутствия боковых швов, лазерной обработки всех швов и использования дышащих, приятных к телу тканей на основе хлопка и вискозы. В начале 2019 года компания презентовала новую коллекцию, в которую впервые вошли модели женских трусиков для повседневной носки и высокие мужские носки. Премиальное качество, благородное сочетание цветовых оттенков, анатомический крой – всё это сделало премиум-коллекцию белья Sergio Dallini востребованной на российском бельевом рынке.</p>";Италия;html
573;Tuosite;"<p>Коллекция нижнего белья Tuosite – выбор молодых, активных людей, не приемлющих жёстких стандартов. В трусиках Tuosite слились комфорт, практичность и непревзойдённая яркость! Смелые расцветки притягивают взгляд и прямо заявляют о задорном характере своего владельца. Молодёжная коллекция Tuosite производится  из легких дышащих тканей на основе хлопка, отличается бесшовным пошивом и смелым, эксклюзивным, ультра ярким дизайном. Трусы Tuosite – отличный вариант на каждый день для яркого тебя!</p>";Китай;html
574;Sensation;"<p>На пляже полупрозрачное парео – незаменимая и многофункциональная вещица. В него можно закутаться, чтобы дойти в мокром купальнике от пляжа до отеля. Им можно укрыться для защиты от загара. А сколько существует способов для превращения этого невесомого отреза ткани в платье, юбку, тунику или головной убор! С парео от Sensation, отличающихся яркими расцветками и романтичными принтами (с цветами, волнами или морскими обитателями), вы будете неотразимой как на пляже, так и по дороге к нему! Создайте свой неповторимый sea-look вместе с Sensation!</p>";Китай;html
575;Sensis;;Польша;html
576;Mia&Mia;"<p>На российском бельевом рынке итальянский бренд Mia&Mia появился более 10 лет назад. Высочайшее качество тканей и пошива, уникальные принты и текстура, идеальная посадка по фигуре, дорогая фурнитура и кружева, итальянский стиль, богатый ассортимент – всё это делает Mia&Mia одним из лидеров индустрии. </p>";Италия;html
578;"Doctor Nap";"<p>Компания Doctor Nap, ранее известная как Dobranocka, является лидером в разработке пижам и домашней одежды в Польше. Более 20 лет Doctor Nap выпускает женскую и мужскую одежду для сна и дома: халаты, пижамы, сорочки, костюмы, рубашки и платья. Для производства используются хлопковые ткани, велюр, а также приятная к телу вискоза, при этом готовые изделия ориентированы на молодежь и средний возраст. Забавные принты, интересные расцветки, безупречный крой и комфорт при носке – всё это делает бельё и одежду Doctor Nap любимой и узнаваемой у российских покупателей.</p>";Польша;html
579;Ewlon;"<p>Польская компания Ewlon, основанная в 1992 году, является одним из ведущих производителей купальников в Европе. Продукцию торговой марки Ewlon отличают яркие краски, идеальная посадка по фигуре, стильный дизайн, высокое качество пошива и широкий размерный ряд. Среди купальников Ewlon каждая прелестница, вне зависимости от роста, веса и типа фигуры, сможет найти модель, в которой она будет выглядеть неотразимо на пляже или у бассейна! Слитные модели, придающие стройность, раздельные купальники с эффектом пуш-ап, плавки с высокой посадкой, лифы на косточках для пышного бюста – у Ewlon есть всё!</p>";Польша;html
580;"Bas Bleu";"<p>Компания Bas Bleu была основана в Польше в далёком 1992 году. Изначально под торговой маркой выпускались исключительно чулочно-носочные изделия. Благодаря высокому качеству и умеренной цене продукция Bas Bleu быстро стала узнаваемой и завоевала постоянных покупателей – сначала в Польше, а после по всей Европе. С годами ассортимент расширялся и сегодня представлен коллекцией легинсов и модных брючек на каждый день и для особых случаев, одеждой для спорта из эластичных, отводящих влагу тканей, одеждой для беременных женщин и, конечно, сотнями моделей чулок, колгот и носков. </p>";Польша;html
581;Taro;"<p>Польский бренд Taro вошел на рынок одежды для дома и отдыха в 1990 году. Всего нескольких лет хватило на то, чтобы продукция Taro стала любимой и узнаваемой не только в Польше, но и за пределами Европы. Качественная и при этом не дорогая домашняя одежда из хлопка понравилась многим благодаря комфорту в носке и долговечности. Среди ассортимента пижам, ночных сорочек и комплектов для дома каждый может подобрать для себя максимально удобную модель – приятную к телу, не стесняющую движений, радующую глаз расцветкой или забавным принтом.</p>";Польша;html
582;Evelena;"<p>Evelena – молодая российская компания, выпускающая широкий ассортимент женской одежды для дома и отдыха. Готовые изделия Evelena, отшитые преимущественно из хлопковой ткани нежных оттенков, ориентированы на молодых и активных людей. Забавные животные, цветочные и геометрические принты, а также оригинальные молодежные фасоны притягивают взгляд: от моделей так и веет озорством, молодостью и приключениями. Домашняя одежда  Evelena подарит телу комфорт, а вам – отличное настроение (и даже во сне!).</p>";Россия;html
583;Lova-lova;;Китай;html
585;Eromantica;;Китай;html
587;Lelio;"<p>Польская компания Lelio занимается производством домашней одежды для женщин вот уже более 5 лет. Ассортимент Lelio покорит вас многообразием моделей, отличным качеством тканей, безупречным пошивом, а также оригинальным дизайном. Махровые и хлопковые халаты подарят необходимый комфорт и порадуют мягкостью прикосновений к коже. Сорочки и туники Lelio обеспечат непревзойдённый комфорт во время сна. А в костюмах и комплектах бренда так приятно заниматься домашними делами. Модели Lelio отличают шарм, удобство в носке, богатая цветовая гамма и изысканная отделка: от нежных кружев до жемчужин-пуговиц.</p>";Польша;html
588;Donna;"<p>Если вы подыскиваете бельё, которое позволит вам чувствовать себя комфортно и элегантно, вам прямая дорога в раздел с польской продукцией Donna. Компания представляет широкий ассортимент так называемой предпостельной одежды: халатов, сорочек, пижам, костюмов для дома. У белья Donna «нет возраста»: среди многообразия моделей – от кокетливых и озорных до элегантных и строгих – каждая прелестница отыщет наряд, отвечающий всем критериям. Для производства моделей Donna используются итальянские и французские кружева, приятная к телу вискоза, нежный хлопок и искусственный шелк.</p>";Польша;html
589;Aquarilla;"<p>Польское качество и итальянский дизайн вкупе рождают коллекцию стильных, удобных в носке и износостойких купальников Aquarilla. Для пошива польской компанией Aquarilla используются лучшие итальянские материалы – приятные к телу, эластичные, обеспечивающие плотное облегание фигуры как на суше, так и в воде. Яркие расцветки и модные дизайны делают коллекцию купальников Aquarilla особенно привлекательной. Бренд представлен слитными моделями для бассейна и активного отдыха, смелыми раздельными купальниками, а также купальниками-танкини – для беременных и тех, кто хотел бы скрыть от глаз некоторые недостатки фигуры.</p>";Польша;html
590;Verano;"<p>Польский бренд Verano более 20 лет выпускает купальники для женщин из итальянского и испанского эластичного трикотажа. Поистине широкий ассортимент представлен купальниками для различных типов фигуры, а также в размерах от 40-42 до 64(!). Если вам трудно подобрать купальник ввиду особенностей фигуры (большого бюста, широких плеч, торчащего животика и пр.), то удачную во всех смыслах модель вы точно найдёте в коллекции от Verano! Лифы на косточках и с пуш-ап эффектом, трусики шортами, высокие или с заниженной линией талии, купальники с утяжкой в талии – у Verano есть купальник для каждой: для плавания в море или бассейне, для красивого загара и лучшей фотосессии на пляже!</p>";Польша;html
591;"Kris Line";"<p>Продукция бренда Kris Line – палочка-выручалочка для женщин, фигура которых далека от модельного идеала 90-60-90. Подобрать бюстгальтер, если размеры бюста велики, - не так-то просто. Kris Line решает эту проблему на раз-два: в ассортименте польской компании есть модели не просто больших, а очень больших размеров. При этом их отличает стиль, отличное качество пошива, приятные к телу материалы и качественная фурнитура. Среди изделий от Kris Line вы сможете отыскать красивый и удобный во всех смыслах бюстгальтер: с мягкими или формованными чашками, с кружевом или совершенно гладкий, в классическом чёрном/белом/телесном цвете или самой невероятной расцветки!</p>";Польша;html
592;"Salvador Dali";"<p>Salvador Dali  - один из ведущих мировых брендов нижнего белья, родом из Испании. Созданный в 1982 году французским бизнесменом Жаном Пьером Гривори, он является воплощением моды, стиля, высокого качества тканей и пошива. Именно у Salvador Dali впервые появились мужские трусы с широким поясом-резинкой с нанесённым поверх логотипом, что позже привело к настоящей «логомании» у прочих производителей.  Бельё Salvador Dali пошито из высокотехнологичных тканей (модала, хлопка, вискозы, бамбука), удобно в  носке, практично, функционально, не теряет цвета и формы после многочисленных стирок и при этом подчёркивает красоту человеческого тела. </p>";Испания;html
593;"Le Stelle";;США;html
594;D-PENG;;Китай;html
595;Sirens;;Китай;html
597;"Sense Max";;Гонконг;html
598;Lovegame;;Китай;html
599;Pixey;;Нидерланды;html
600;Sunsmile;;Япония;html
601;SOSU;;Япония;html
602;Charley;;Япония;html
603;Cocodor;;Корея;html
604;"Rapture Novelties";;Китай;html
612;"Dea Fiori";"<p>Продукция польской торговой марки Dea Fiori представлена широким ассортиментом трусиков и бюстгальтеров, причём упор производителем сделан на сегмент plus-size. Обладательницы внушительного по своей пышности бюста с лёгкостью отыщут модель, – на каждый день или для особого случая – которая сядет по фигуре, как влитая, и обеспечит непревзойдённую поддержку. Для производства нижнего белья Dea Fiori используются лучшие материалы из Италии, Франции и Австрии, в том числе нежное, изысканное, приятное на ощупь кружево. Шарм, романтичность и совершенный комфорт – это бельё Dea Fiori.</p>";Польша;html
614;Expert;;Германия;html
615;LoveMoment;;Китай;html
616;SHEQU;;Китай;html
618;Главсексмаг;;Россия;html
619;"Bior toys";;Россия;html
620;Otouch;;Китай;html
621;A-LOVING;;Китай;html
622;"QianYue Toys";;Китай;html
625;Maxus;;Великобритания;html
630;Perilla;;Польша;html
635;ORGIE;;Бразилия;html
637;Infiore;;Италия;html
640;Lormar;;Италия;html
644;Sielei;;Италия;html
646;Leilieve;;Италия;html
647;Mioocchi;;Италия;html
662;Alles;;Польша;html
663;Amelie;;Франция;html
680;Bangers;;Нидерланды;html
688;"Все радости";;Китай;html
689;"Solmate Socks";;США;html
690;"Happy Rabbit";;Великобритания;html
691;Irresistible;;Нидерланды;html
692;"Cuddly Bird";;Китай;html
693;Glamorise;;США;html
694;Champion;;США;html
695;Paramour;;США;html
696;CG;;США;html
697;"POPO Pleasure";"В эту коллекцию, выполненную в ярко-розовом цвете, вошли анальные стимуляторы всевозможных форм – от конусообразных втулок до вибраторов с функцией расширения. Выполненные из высококачественного медицинского силикона, они гарантируют чувственные анальные проникновения и море удовольствия своим владельцам. Особого внимания заслуживают анальные втулки со встроенным стальным шариком, благодаря которому ощущения от проникновения в анус становятся многократно сильней. Большинство моделей оснащено присосками для фиксации на твёрдой поверхности. Каждый стимулятор упакован в стильную чёрную  коробку.";Китай;html
698;Snail;;Великобритания;html
699;Viotec;;Китай;html
700;RITEX;;Германия;html
701;INTT;;Бразилия;html
702;Arlette;;Россия;html
703;Sunspice;;Китай;html
704;"Mai cosmetics";;Испания;html
705;"Сила Императора";;Таиланд;html
707;Empreinte;;Франция;html
708;Felina;;Германия;html
709;Hanes;;США;html
710;BALI;;США;html
711;Jezebel;;США;html
712;"L altra Cotonella";;Италия;html
713;Cotonella;;Италия;html
714;Sofra;;США;html
715;"Et Tu";;США;html
716;Mopas;;США;html
717;Naturana;;Германия;html
718;Mamia;;США;html
719;X-HANDE;;Китай;html
721;Private;;Испания;html
722;"48 Hours";;Турция;html
723;Winyi;;Китай;html
724;Yuanse;;Австрия;html
725;"ML Creation";;Австрия;html
726;Iyiqu;;Австрия;html
727;"Warrior Kings";;Китай;html
728;"NV Toys";;Китай;html
729;"Kiss Toy";;Китай;html
730;Leten;;Китай;html
731;Lisca;;Словения;html
732;Infinity;;Россия;html
733;Trikozza;;Россия;html
734;Paphia;;Польша;html
735;Insinuate;;Великобритания;html
736;Miran;;Польша;html
737;VeDO;;Гонконг;html
738;Kimono;;Китай;html
739;EDC;;Нидерланды;html
740;Vienetta;;Турция;html
741;Yoba;;Франция;html
742;"Rabbit Essentials";;США;html
743;Brazzers;;Россия;html
744;ASDOLL;;Китай;html
745;"Coco de Mer";;Великобритания;html
746;Laete;;Россия;html
747;Bayan;;Россия;html
748;Рудез;;Россия;html
749;Likato;;Россия;html
750;3M;;США;html
751;"Spray Guard";;Россия;html
752;Titan;;Россия;html
753;"Erotic Hard";;Россия;html
754;Torex;;Россия;html
755;Гладиатор;;Россия;html
756;"Rubber Tech Ltd";;Китай;html
757;"CleanCare Family";;Россия;html
758;"NU Sensuelle";;США;html
759;Strap-on-me;;Китай;html
760;aixiASIA;;Китай;html
761;Roomfun;;Китай;html
762;Lijoin;;Китай;html
763;"Magic Eyes";;Китай;html
764;Bushmin;;Россия;html
765;"Fun games";;Россия;html
767;Freedom;;Германия;html
768;Тюльпан;;Россия;html
769;MAT;;Польша;html
770;"Devil & Angel";;Россия;html
771;Pegasus;;США;html
772;TTights;;Россия;html
773;Ailighter;;Китай;html
774;Сosmopolitan;;Китай;html
775;Diavolo;;Китай;html
776;Marilyn;;Польша;html
777;"Toyfa Basic";"<p>Basic - самая большая, если говорить о количестве товаров, коллекция из всех от ToyFa. В ней собраны разнообразные и очень популярные у покупателей секс-игрушки: от приятных на ощупь вагинальных шариков на мягкой сцепке до металлических наручников с меховой опушкой, от классических анальных пробок до реалистичных вибромассажёров. С Basic любая пара сможет с лёгкостью создать свою коллекцию интимных аксессуаров для потрясающего секса. Благодаря разнообразию материалов даже покупатели с взыскательным вкусом без труда выберут товар, удовлетворяющий запросам на все 100%.</p>";Китай;html
778;"Dres Kod";;Польша;html
779;AMOR;;Германия;html
780;"Love to Love";;Китай;html
782;Doxy;;Великобритания;html
783;Arcwave;;США;html
785;PatriceM;;Россия;html
786;ROMP;;Германия;html
787;PHEROLAB;;Россия;html
788;Unbound;;США;html
789;"Amor El";;Испания;html
